name,price
A Light in the Attic,￥441.64
Tipping the Velvet,￥458.45
Soumission,￥427.40
Sharp Objects,￥407.95
Sapiens: A Brief History of Humankind,￥462.63
The Requiem Red,￥193.22
The Dirty Little Secrets of Getting Your Dream Job,￥284.42
"The Coming Woman: A Novel Based on the Life of the Infamous Feminist, Victoria Woodhull",￥152.96
The Boys in the Boat: Nine Americans and Their Epic Quest for Gold at the 1936 Berlin Olympics,￥192.80
The Black Maria,￥444.89
"Starving Hearts (Triangular Trade Trilogy, #1)",￥119.35
Shakespeare's Sonnets,￥176.25
Set Me Free,￥148.95
Scott Pilgrim's Precious Little Life (Scott Pilgrim #1),￥446.08
Rip it Up and Start Again,￥298.75
"Our Band Could Be Your Life: Scenes from the American Indie Underground, 1981-1991",￥488.39
Olio,￥203.72
Mesaerion: The Best Science Fiction Stories 1800-1849,￥320.68
Libertarianism for Beginners,￥437.89
It's Only the Himalayas,￥385.34
In Her Wake,￥109.54
How Music Works,￥318.37
"Foolproof Preserving: A Guide to Small Batch Jams, Jellies, Pickles, Condiments, and More: A Foolproof Guide to Making Small Batch Jams, Jellies, Pickles, Condiments, and More",￥260.36
Chase Me (Paris Nights #2),￥215.58
Black Dust,￥294.57
Birdsong: A Story in Pictures,￥466.13
America's Cradle of Quarterbacks: Western Pennsylvania's Football Factory from Johnny Unitas to Joe Montana,￥191.95
Aladdin and His Wonderful Lamp,￥453.25
Worlds Elsewhere: Journeys Around Shakespeare’s Globe,￥343.80
Wall and Piece,￥376.90
The Four Agreements: A Practical Guide to Personal Freedom,￥150.66
The Five Love Languages: How to Express Heartfelt Commitment to Your Mate,￥264.88
The Elephant Tree,￥203.21
The Bear and the Piano,￥314.70
Sophie's World,￥135.98
Penny Maybe,￥283.99
Maude (1883-1993):She Grew Up with the country,￥153.73
"In a Dark, Dark Wood",￥167.46
Behind Closed Doors,￥445.48
You can't bury them all: Poems,￥286.89
Slow States of Collapse: Poems,￥488.91
Reasons to Stay Alive,￥225.30
Private Paris (Private #10),￥406.16
#HigherSelfie: Wake Up Your Life. Free Your Soul. Find Your Tribe.,￥197.15
Without Borders (Wanderlove #1),￥384.49
When We Collided,￥271.03
"We Love You, Charlie Freeman",￥428.85
Untitled Collection: Sabbath Poems 2014,￥121.74
"Unseen City: The Majesty of Pigeons, the Discreet Charm of Snails & Other Wonders of the Urban Wilderness",￥376.90
Unicorn Tracks,￥160.21
"Unbound: How Eight Technologies Made Us Human, Transformed Society, and Brought Our World to the Brink",￥217.71
Tsubasa: WoRLD CHRoNiCLE 2 (Tsubasa WoRLD CHRoNiCLE #2),￥138.88
Throwing Rocks at the Google Bus: How Growth Became the Enemy of Prosperity,￥265.48
This One Summer,￥166.27
Thirst,￥147.33
The Torch Is Passed: A Harding Family Story,￥162.85
The Secret of Dreadwillow Carse,￥478.84
"The Pioneer Woman Cooks: Dinnertime: Comfort Classics, Freezer Food, 16-Minute Meals, and Other Delicious Ways to Solve Supper!",￥481.23
The Past Never Ends,￥482.00
The Natural History of Us (The Fine Art of Pretending #2),￥385.77
The Nameless City (The Nameless City #1),￥325.54
The Murder That Never Was (Forensic Instincts #5),￥461.61
The Most Perfect Thing: Inside (and Outside) a Bird's Egg,￥366.49
"The Mindfulness and Acceptance Workbook for Anxiety: A Guide to Breaking Free from Anxiety, Phobias, and Worry Using Acceptance and Commitment Therapy",￥203.80
The Life-Changing Magic of Tidying Up: The Japanese Art of Decluttering and Organizing,￥143.06
"The Inefficiency Assassin: Time Management Tactics for Working Smarter, Not Longer",￥175.65
The Gutsy Girl: Escapades for Your Life of Epic Adventure,￥316.75
The Electric Pencil: Drawings from Inside State Hospital No. 3,￥478.24
The Death of Humanity: and the Case for Life,￥495.73
"The Bulletproof Diet: Lose up to a Pound a Day, Reclaim Energy and Focus, Upgrade Your Life",￥418.44
The Art Forger,￥347.72
The Age of Genius: The Seventeenth Century and the Birth of the Modern Mind,￥168.31
The Activist's Tao Te Ching: Ancient Advice for a Modern Revolution,￥275.04
Spark Joy: An Illustrated Master Class on the Art of Organizing and Tidying Up,￥356.85
Soul Reader,￥337.65
Security,￥334.84
"Saga, Volume 6 (Saga (Collected Editions) #6)",￥213.44
"Saga, Volume 5 (Saga (Collected Editions) #5)",￥435.42
Reskilling America: Learning to Labor in the Twenty-First Century,￥169.17
"Rat Queens, Vol. 3: Demons (Rat Queens (Collected Editions) #11-15)",￥429.96
"Princess Jellyfish 2-in-1 Omnibus, Vol. 01 (Princess Jellyfish 2-in-1 Omnibus #1)",￥116.11
Princess Between Worlds (Wide-Awake Princess #5),￥113.80
"Pop Gun War, Volume 1: Gift",￥161.83
"Political Suicide: Missteps, Peccadilloes, Bad Calls, Backroom Hijinx, Sordid Pasts, Rotten Breaks, and Just Plain Dumb Mistakes in the Annals of American Politics",￥309.50
Patience,￥86.67
"Outcast, Vol. 1: A Darkness Surrounds Him (Outcast #1)",￥131.72
orange: The Complete Collection 1 (orange: The Complete Collection #1),￥412.98
Online Marketing for Busy Authors: A Step-By-Step Guide,￥395.41
On a Midnight Clear,￥120.03
Obsidian (Lux #1),￥126.77
My Paris Kitchen: Recipes and Stories,￥284.68
Masks and Shadows,￥481.14
"Mama Tried: Traditional Italian Cooking for the Screwed, Crude, Vegan, and Tattooed",￥119.60
"Lumberjanes, Vol. 2: Friendship to the Max (Lumberjanes #5-8)",￥400.18
"Lumberjanes, Vol. 1: Beware the Kitten Holy (Lumberjanes #1-4)",￥389.09
Lumberjanes Vol. 3: A Terrible Plan (Lumberjanes #9-12),￥169.94
"Layered: Baking, Building, and Styling Spectacular Cakes",￥342.17
Judo: Seven Steps to Black Belt (an Introductory Guide for Beginners),￥459.82
Join,￥304.30
In the Country We Love: My Family Divided,￥187.68
Immunity: How Elie Metchnikoff Changed the Course of Modern Medicine,￥489.33
"I Hate Fairyland, Vol. 1: Madly Ever After (I Hate Fairyland (Compilations) #1-5)",￥248.85
I am a Hero Omnibus Volume 1,￥466.04
How to Be Miserable: 40 Strategies You Already Use,￥392.68
Her Backup Boyfriend (The Sorensen Family #1),￥289.79
"Giant Days, Vol. 2 (Giant Days #5-8)",￥188.62
Forever and Forever: The Courtship of Henry Longfellow and Fanny Appleton,￥253.28
First and First (Five Boroughs #3),￥136.24
Fifty Shades Darker (Fifty Shades #2),￥187.34
Everydata: The Misinformation Hidden in the Little Data You Consume Every Day,￥463.65
"Don't Be a Jerk: And Other Practical Advice from Dogen, Japan's Greatest Zen Master",￥323.92
Danganronpa Volume 1,￥443.52
Crown of Midnight (Throne of Glass #2),￥369.30
"Codename Baboushka, Volume 1: The Conclave of Death",￥313.25
Camp Midnight,￥145.71
Call the Nurse: True Stories of a Country Nurse on a Scottish Isle,￥248.59
Burning,￥245.78
Bossypants,￥421.94
"Bitch Planet, Vol. 1: Extraordinary Machine (Bitch Planet (Collected Editions))",￥323.49
"Avatar: The Last Airbender: Smoke and Shadow, Part 3 (Smoke and Shadow #3)",￥239.63
Algorithms to Live By: The Computer Science of Human Decisions,￥262.84
A World of Flavor: Your Gluten Free Passport,￥366.40
"A Piece of Sky, a Grain of Rice: A Memoir in Four Meditations",￥484.21
A Murder in Time,￥141.95
A Flight of Arrows (The Pathfinders #2),￥473.72
A Fierce and Subtle Poison,￥239.97
A Court of Thorns and Roses (A Court of Thorns and Roses #1),￥446.76
(Un)Qualified: How God Uses Broken People to Do Big Things,￥460.67
You Are What You Love: The Spiritual Power of Habit,￥186.57
"William Shakespeare's Star Wars: Verily, A New Hope (William Shakespeare's Star Wars #4)",￥369.39
Tuesday Nights in 1980,￥179.49
Tracing Numbers on a Train,￥354.89
Throne of Glass (Throne of Glass #1),￥299.18
Thomas Jefferson and the Tripoli Pirates: The Forgotten War That Changed American History,￥508.78
Thirteen Reasons Why,￥449.75
The White Cat and the Monk: A Retelling of the Poem “Pangur Bán”,￥495.47
The Wedding Dress,￥205.77
The Vacationers,￥359.58
The Third Wave: An Entrepreneur’s Vision of the Future,￥107.57
The Stranger,￥148.78
The Shadow Hero (The Shadow Hero),￥282.71
The Secret (The Secret #1),￥233.49
The Regional Office Is Under Attack!,￥438.15
The Psychopath Test: A Journey Through the Madness Industry,￥307.11
The Project,￥90.85
The Power of Now: A Guide to Spiritual Enlightenment,￥371.44
The Omnivore's Dilemma: A Natural History of Four Meals,￥325.97
The Nerdy Nummies Cookbook: Sweet Treats for the Geek in All of Us,￥318.54
The Murder of Roger Ackroyd (Hercule Poirot #4),￥376.21
The Mistake (Off-Campus #2),￥369.30
The Matchmaker's Playbook (Wingmen Inc. #1),￥476.45
The Love and Lemons Cookbook: An Apple-to-Zucchini Celebration of Impromptu Cooking,￥320.76
The Long Shadow of Small Ghosts: Murder and Memory in an American City,￥93.58
The Kite Runner,￥356.76
The House by the Lake,￥315.22
The Glittering Court (The Glittering Court #1),￥377.75
The Girl on the Train,￥469.37
The Genius of Birds,￥147.07
The Emerald Mystery,￥197.49
The Cookies & Cups Cookbook: 125+ sweet & savory recipes reminding you to Always Eat Dessert First,￥351.90
The Bridge to Consciousness: I'm Writing the Bridge Between Science and Our Old and New Beliefs.,￥272.99
The Artist's Way: A Spiritual Path to Higher Creativity,￥328.35
The Art of War,￥284.42
The Argonauts,￥93.24
The 10% Entrepreneur: Live Your Startup Dream Without Quitting Your Day Job,￥235.03
Suddenly in Love (Lake Haven #1),￥477.65
Something More Than This,￥138.54
Soft Apocalypse,￥222.83
So You've Been Publicly Shamed,￥104.33
Shoe Dog: A Memoir by the Creator of NIKE,￥204.66
"Shobu Samurai, Project Aryoku (#3)",￥247.91
Secrets and Lace (Fatal Hearts #1),￥172.92
Scarlett Epstein Hates It Here,￥371.52
Romero and Juliet: A Tragic Tale of Love and Zombies,￥315.13
Redeeming Love,￥174.63
Poses for Artists Volume 1 - Dynamic and Sitting Poses: An Essential Reference for Figure Drawing and the Human Form,￥350.28
Poems That Make Grown Women Cry,￥121.05
"Nightingale, Sing",￥326.56
Night Sky with Exit Wounds,￥350.19
Mrs. Houdini,￥258.06
Modern Romance,￥241.08
Miss Peregrine’s Home for Peculiar Children (Miss Peregrine’s Peculiar Children #1),￥91.79
Louisa: The Extraordinary Life of Mrs. Adams,￥143.75
Little Red,￥114.91
Library of Souls (Miss Peregrine’s Peculiar Children #3),￥414.26
Large Print Heart of the Pride,￥163.37
I Had a Nice Time And Other Lies...: How to find love & sh*t like that,￥489.33
Hollow City (Miss Peregrine’s Peculiar Children #2),￥366.66
Grumbles,￥189.04
Full Moon over Noah’s Ark: An Odyssey to Mount Ararat and Beyond,￥421.68
Frostbite (Vampire Academy #2),￥255.84
Follow You Home,￥182.22
First Steps for New Christians (Print Edition),￥247.40
Finders Keepers (Bill Hodges Trilogy #2),￥456.66
"Fables, Vol. 1: Legends in Exile (Fables #1)",￥355.06
Eureka Trivia 6.0,￥465.70
Drive: The Surprising Truth About What Motivates Us,￥298.15
Done Rubbed Out (Reightman & Bailey #1),￥321.79
Doing It Over (Most Likely To #1),￥303.79
"Deliciously Ella Every Day: Quick and Easy Recipes for Gluten-Free Snacks, Packed Lunches, and Simple Meals",￥359.66
Dark Notes,￥163.71
"Daring Greatly: How the Courage to Be Vulnerable Transforms the Way We Live, Love, Parent, and Lead",￥165.76
Close to You,￥421.94
Chasing Heaven: What Dying Taught Me About Living,￥322.47
Big Magic: Creative Living Beyond Fear,￥262.75
Becoming Wise: An Inquiry into the Mystery and Art of Living,￥234.00
Beauty Restored (Riley Family Legacy Novellas #3),￥94.78
Batman: The Long Halloween (Batman),￥311.38
Batman: The Dark Knight Returns (Batman),￥131.21
Ayumi's Violin,￥132.06
Anonymous,￥399.42
Amy Meets the Saints and Sages,￥157.48
Amid the Chaos,￥312.06
Amatus,￥431.15
Agnostic: A Spirited Manifesto,￥106.72
Zealot: The Life and Times of Jesus of Nazareth,￥210.71
You (You #1),￥372.03
"Wonder Woman: Earth One, Volume One (Wonder Woman: Earth One #1)",￥318.54
Wild Swans,￥122.50
Why the Right Went Wrong: Conservatism--From Goldwater to the Tea Party and Beyond,￥449.15
Whole Lotta Creativity Going On: 60 Fun and Unusual Exercises to Awaken and Strengthen Your Creativity,￥325.88
What's It Like in Space?: Stories from Astronauts Who've Been There,￥167.21
"We Are Robin, Vol. 1: The Vigilante Business (We Are Robin #1)",￥459.82
Walt Disney's Alice in Wonderland,￥110.56
V for Vendetta (V for Vendetta Complete),￥316.50
Until Friday Night (The Field Party #1),￥395.07
"Unbroken: A World War II Story of Survival, Resilience, and Redemption",￥391.99
Twenty Yawns,￥188.36
Through the Woods,￥216.51
This Is Where It Ends,￥231.36
The Year of Magical Thinking,￥367.17
The Wright Brothers,￥484.56
The White Queen (The Cousins' War #1),￥221.04
The Wedding Pact (The O'Malleys #2),￥278.19
The Time Keeper,￥237.84
The Testament of Mary,￥449.32
The Star-Touched Queen,￥392.59
The Songs of the Gods,￥379.45
The Song of Achilles,￥319.06
The Rosie Project (Don Tillman #1),￥461.01
The Power of Habit: Why We Do What We Do in Life and Business,￥144.00
The Marriage of Opposites,￥239.55
The Lucifer Effect: Understanding How Good People Turn Evil,￥88.72
The Long Haul (Diary of a Wimpy Kid #9),￥375.96
The Loney,￥199.62
The Literature Book (Big Ideas Simply Explained),￥148.69
The Last Mile (Amos Decker #2),￥462.46
The Immortal Life of Henrietta Lacks,￥346.95
The Hidden Oracle (The Trials of Apollo #1),￥445.82
The Help Yourself Cookbook for Kids: 60 Easy Plant-Based Recipes Kids Can Make to Stay Healthy and Save the Earth,￥245.43
The Guilty (Will Robie #4),￥117.90
The First Hostage (J.B. Collins #2),￥220.52
The Dovekeepers,￥416.14
The Darkest Lie,￥301.57
The Bane Chronicles (The Bane Chronicles #1-11),￥381.59
The Bad-Ass Librarians of Timbuktu: And Their Race to Save the World’s Most Precious Manuscripts,￥134.53
The 14th Colony (Cotton Malone #11),￥334.75
That Darkness (Gardiner and Renner #1),￥118.75
Tastes Like Fear (DI Marnie Rome #3),￥91.20
Take Me with You,￥385.68
Swell: A Year of Waves,￥388.84
Superman Vol. 1: Before Truth (Superman by Gene Luen Yang #1),￥101.43
Still Life with Bread Crumbs,￥225.30
Steve Jobs,￥336.97
Sorting the Beef from the Bull: The Science of Food Fraud Forensics,￥381.67
Someone Like You (The Harrisons #2),￥450.35
"So Cute It Hurts!!, Vol. 6 (So Cute It Hurts!! #6)",￥302.25
Shtum,￥476.37
See America: A Celebration of Our National Parks & Treasured Sites,￥416.91
salt.,￥399.08
Robin War,￥407.95
"Red Hood/Arsenal, Vol. 1: Open for Business (Red Hood/Arsenal #1)",￥217.37
Rain Fish,￥201.07
"Quarter Life Poetry: Poems for the Young, Broke and Hangry",￥434.14
Pet Sematary,￥90.09
"Overload: How to Unplug, Unwind, and Unleash Yourself from the Pressure of Stress",￥444.89
Once Was a Time,￥155.94
Old School (Diary of a Wimpy Kid #10),￥100.92
No Dream Is Too High: Life Lessons From a Man Who Walked on the Moon,￥187.25
"Naruto (3-in-1 Edition), Vol. 14: Includes Vols. 40, 41 & 42 (Naruto: Omnibus #14)",￥327.50
My Name Is Lucy Barton,￥354.54
My Mrs. Brown,￥208.84
My Kind of Crazy,￥344.31
Mr. Mercedes (Bill Hodges Trilogy #1),￥246.54
More Than Music (Chasing the Dream #1),￥320.85
Made to Stick: Why Some Ideas Survive and Others Die,￥331.43
Luis Paints the World,￥460.24
Luckiest Girl Alive,￥425.09
Lowriders to the Center of the Earth (Lowriders in Space #2),￥439.43
Love Is a Mix Tape (Music #1),￥153.81
Looking for Lovely: Collecting the Moments that Matter,￥248.59
"Living Leadership by Insight: A Good Leader Achieves, a Great Leader Builds Monuments",￥400.18
Let It Out: A Journey Through Journaling,￥228.54
Lady Midnight (The Dark Artifices #1),￥138.88
"It's All Easy: Healthy, Delicious Weeknight Meals in under 30 Minutes",￥166.78
Island of Dragons (Unwanteds #7),￥252.94
I Know What I'm Doing -- and Other Lies I Tell Myself: Dispatches from a Life Under Construction,￥221.63
I Am Pilgrim (Pilgrim #1),￥90.43
"Hyperbole and a Half: Unfortunate Situations, Flawed Coping Mechanisms, Mayhem, and Other Things That Happened",￥125.83
"Hush, Hush (Hush, Hush #1)",￥401.12
Hold Your Breath (Search and Rescue #1),￥245.86
Hamilton: The Revolution,￥501.53
Greek Mythic History,￥87.27
God: The Most Unpleasant Character in All Fiction,￥256.18
Glory over Everything: Beyond The Kitchen House,￥391.06
Feathers: Displays of Brilliant Plumage,￥418.44
"Far & Away: Places on the Brink of Change: Seven Continents, Twenty-Five Years",￥128.48
Every Last Word,￥396.43
Eligible (The Austen Project #4),￥231.10
El Deafo,￥491.55
Eight Hundred Grapes,￥122.76
"Eaternity: More than 150 Deliciously Easy Vegan Recipes for a Long, Healthy, Satisfied, Joyful Life",￥441.47
"Eat Fat, Get Thin",￥461.27
Don't Get Caught,￥472.19
Doctor Sleep (The Shining #2),￥342.26
Demigods & Magicians: Percy and Annabeth Meet the Kanes (Percy Jackson & Kane Chronicles Crossover #1-3),￥319.99
Dear Mr. Knightley,￥95.63
Daily Fantasy Sports,￥312.06
Crazy Love: Overwhelmed by a Relentless God,￥407.09
Cometh the Hour (The Clifton Chronicles #6),￥213.36
Code Name Verity (Code Name Verity #1),￥188.79
Clockwork Angel (The Infernal Devices #1),￥376.55
City of Glass (The Mortal Instruments #3),￥477.90
City of Fallen Angels (The Mortal Instruments #4),￥95.80
City of Bones (The Mortal Instruments #1),￥369.22
City of Ashes (The Mortal Instruments #2),￥403.26
Cell,￥173.09
Catching Jordan (Hundred Oaks),￥433.63
"Carry On, Warrior: Thoughts on Life Unarmed",￥271.71
Carrie,￥394.38
Buying In: The Secret Dialogue Between What We Buy and Who We Are,￥322.47
Brain on Fire: My Month of Madness,￥420.74
Batman: Europa,￥273.07
Barefoot Contessa Back to Basics,￥238.95
Barefoot Contessa at Home: Everyday Recipes You'll Make Over and Over Again,￥431.83
Balloon Animals,￥145.28
Art Ops Vol. 1,￥416.31
Aristotle and Dante Discover the Secrets of the Universe (Aristotle and Dante Discover the Secrets of the Universe #1),￥495.99
Angels Walking (Angels Walking #1),￥291.76
Angels & Demons (Robert Langdon #1),￥439.17
All the Light We Cannot See,￥254.82
"Adulthood Is a Myth: A ""Sarah's Scribbles"" Collection",￥92.99
Abstract City,￥480.89
A Time of Torment (Charlie Parker #14),￥412.47
A Study in Scarlet (Sherlock Holmes #1),￥142.72
"A Series of Catastrophes and Miracles: A True Story of Love, Science, and Cancer",￥481.83
A People's History of the United States,￥347.98
A Man Called Ove,￥338.85
A Distant Mirror: The Calamitous 14th Century,￥124.38
A Brush of Wings (Angels Walking #3),￥473.55
1491: New Revelations of the Americas Before Columbus,￥185.97
"The Three Searches, Meaning, and the Story",￥113.72
Searching for Meaning in Gailana,￥330.40
Rook,￥322.98
My Kitchen Year: 136 Recipes That Saved My Life,￥98.36
13 Hours: The Inside Account of What Really Happened In Benghazi,￥230.85
Will You Won't You Want Me?,￥118.24
Tipping Point for Planet Earth: How Close Are We to the Edge?,￥320.34
The Star-Touched Queen,￥275.55
The Silent Sister (Riley MacPherson #1),￥394.90
The Midnight Watch: A Novel of the Titanic and the Californian,￥223.51
The Lonely City: Adventures in the Art of Being Alone,￥283.74
The Gray Rhino: How to Recognize and Act on the Obvious Dangers We Ignore,￥504.60
The Golden Condom: And Other Essays on Love Lost and Found,￥336.37
The Epidemic (The Program 0.6),￥123.19
The Dinner Party,￥482.34
The Diary of a Young Girl,￥511.00
The Children,￥101.35
Stars Above (The Lunar Chronicles #4.5),￥409.91
Snatched: How A Drug Queen Went Undercover for the DEA and Was Kidnapped By Colombian Guerillas,￥180.94
Raspberry Pi Electronics Projects for the Evil Genius,￥423.73
Quench Your Own Thirst: Business Lessons Learned Over a Beer or Two,￥368.02
Psycho: Sanitarium (Psycho #1.5),￥315.39
Poisonous (Max Revere Novels #3),￥228.63
One with You (Crossfire #5),￥134.02
No Love Allowed (Dodge Cove #1),￥466.21
Murder at the 42nd Street Library (Raymond Ambler #1),￥463.74
Most Wanted,￥300.97
"Love, Lies and Spies",￥175.31
How to Speak Golf: An Illustrated Guide to Links Lingo,￥497.52
Hide Away (Eve Duncan #20),￥101.01
Furiously Happy: A Funny Book About Horrible Things,￥353.69
Everyday Italian: 125 Simple and Delicious Recipes,￥171.47
Equal Is Unfair: America's Misguided Fight Against Income Inequality,￥485.07
Eleanor & Park,￥482.08
Dirty (Dive Bar #1),￥348.32
Can You Keep a Secret? (Fear Street Relaunch #4),￥414.94
Boar Island (Anna Pigeon #19),￥507.42
A Paris Apartment,￥332.79
"A la Mode: 120 Recipes in 60 Pairings: Pies, Tarts, Cakes, Crisps, and More Topped with Ice Cream, Gelato, Frozen Custard, and More",￥330.74
Troublemaker: Surviving Hollywood and Scientology,￥412.81
The Widow,￥232.55
"The Sleep Revolution: Transforming Your Life, One Night at a Time",￥99.64
The Improbability of Love,￥507.16
The Art of Startup Fundraising,￥179.15
Take Me Home Tonight (Rock Star Romance #3),￥460.50
Sleeping Giants (Themis Files #1),￥415.80
"Setting the World on Fire: The Brief, Astonishing Life of St. Catherine of Siena",￥180.43
Playing with Fire,￥116.96
Off the Hook (Fishing for Trouble #1),￥406.67
Mothering Sunday,￥113.80
"Mother, Can You Not?",￥144.09
M Train,￥231.87
Lilac Girls,￥147.41
Lies and Other Acts of Love,￥385.08
Lab Girl,￥348.49
Keep Me Posted,￥174.54
It Didn't Start with You: How Inherited Family Trauma Shapes Who We Are and How to End the Cycle,￥480.03
Grey (Fifty Shades #4),￥413.66
"Exit, Pursued by a Bear",￥437.98
Daredevils,￥139.39
Cravings: Recipes for What You Want to Eat,￥174.88
Born for This: How to Find the Work You Were Meant to Do,￥184.18
Arena,￥182.22
Adultery,￥178.13
A Mother's Reckoning: Living in the Aftermath of Tragedy,￥166.61
A Gentleman's Position (Society of Gentlemen #3),￥125.83
11/22/63,￥413.58
"10% Happier: How I Tamed the Voice in My Head, Reduced Stress Without Losing My Edge, and Found Self-Help That Actually Works",￥209.60
10-Day Green Smoothie Cleanse: Lose Up to 15 Pounds in 10 Days!,￥424.07
Without Shame,￥411.79
Watchmen,￥495.22
Unlimited Intuition Now,￥502.21
Underlying Notes,￥100.84
The Shack,￥239.12
The New Brand You: Your New Image Makes the Sale for You,￥375.79
"The Moosewood Cookbook: Recipes from Moosewood Restaurant, Ithaca, New York",￥105.27
The Flowers Lied,￥142.30
"The Fabric of the Cosmos: Space, Time, and the Texture of Reality",￥476.96
The Book of Mormon,￥209.60
The Art and Science of Low Carbohydrate Living,￥451.97
The Alien Club,￥464.08
Suzie Snowflake: One beautiful flake (a self-esteem story),￥467.58
Nap-a-Roo,￥213.95
"NaNo What Now? Finding your editing process, revising your NaNoWriMo book and building a writing career through publishing and beyond",￥88.81
Modern Day Fables,￥404.71
If I Gave You God's Phone Number....: Searching for Spirituality in America,￥178.38
"Fruits Basket, Vol. 9 (Fruits Basket #9)",￥289.62
Dress Your Family in Corduroy and Denim,￥372.63
Don't Forget Steven,￥283.48
Chernobyl 01:23:40: The Incredible True Story of the World's Worst Nuclear Disaster,￥306.43
Art and Fear: Observations on the Perils (and Rewards) of Artmaking,￥414.86
A Shard of Ice (The Black Symphony Saga #1),￥483.10
A Hero's Curse (The Unseen Chronicles #1),￥430.73
23 Degrees South: A Tropical Tale of Changing Whether...,￥305.32
"Zero to One: Notes on Startups, or How to Build the Future",￥290.56
Why Not Me?,￥151.51
When Breath Becomes Air,￥335.78
Vagabonding: An Uncommon Guide to the Art of Long-Term World Travel,￥315.13
The Unlikely Pilgrimage of Harold Fry (Harold Fry #1),￥372.12
The New Drawing on the Right Side of the Brain,￥367.00
"The Midnight Assassin: Panic, Scandal, and the Hunt for America's First Serial Killer",￥242.70
The Martian (The Martian #1),￥353.09
The High Mountains of Portugal,￥436.36
The Grownup,￥306.09
The E-Myth Revisited: Why Most Small Businesses Don't Work and What to Do About It,￥314.88
South of Sunshine,￥246.80
Smarter Faster Better: The Secrets of Being Productive in Life and Business,￥331.77
Silence in the Dark (Logan Point #4),￥497.61
Shadows of the Past (Logan Point #1),￥338.42
Roller Girl,￥120.29
Rising Strong,￥186.14
Proofs of God: Classical Arguments from Tertullian to Barth,￥462.46
Please Kill Me: The Uncensored Oral History of Punk,￥266.08
Out of Print: City Lights Spotlight No. 14,￥457.60
My Life Next Door (My Life Next Door ),￥310.44
Miller's Valley,￥499.40
Man's Search for Meaning,￥251.49
"Love That Boy: What Two Presidents, Eight Road Trips, and My Son Taught Me About a Parent's Expectations",￥213.78
Living Forward: A Proven Plan to Stop Drifting and Get the Life You Want,￥107.06
Les Fleurs du Mal,￥247.74
Left Behind (Left Behind #1),￥347.38
Kill 'Em and Leave: Searching for James Brown and the American Soul,￥384.32
Kierkegaard: A Christian Missionary to Christians,￥402.06
John Vassos: Industrial Design for Modern Life,￥172.49
I'll Give You the Sun,￥481.83
I Will Find You,￥377.15
Hystopia: A Novel,￥187.34
Howl and Other Poems,￥345.07
History of Beauty,￥87.78
Heaven is for Real: A Little Boy's Astounding Story of His Trip to Heaven and Back,￥450.94
Future Shock (Future Shock #1),￥474.74
Ender's Game (The Ender Quintet #1),￥372.29
Diary of a Citizen Scientist: Chasing Tiger Beetles and Other New Ways of Engaging the World,￥242.36
Death by Leisure: A Cautionary Tale,￥319.99
Brilliant Beacons: A History of the American Lighthouse,￥97.68
Brazen: The Courage to Find the You That's Been Hiding,￥163.96
Between the World and Me,￥485.49
Being Mortal: Medicine and What Matters in the End,￥469.71
"A Murder Over a Girl: Justice, Gender, Junior High",￥112.61
32 Yolks,￥457.51
"""Most Blessed of the Patriarchs"": Thomas Jefferson and the Empire of the Imagination",￥379.45
You Are a Badass: How to Stop Doubting Your Greatness and Start Living an Awesome Life,￥103.05
Wildlife of New York: A Five-Borough Coloring Book,￥188.87
What Happened on Beale Street (Secrets of the South Mysteries #2),￥216.43
Unreasonable Hope: Finding Faith in the God Who Brings Purpose to Your Pain,￥395.24
Under the Tuscan Sun,￥318.46
Toddlers Are A**holes: It's Not Your Fault,￥217.96
The Year of Living Biblically: One Man's Humble Quest to Follow the Bible as Literally as Possible,￥296.19
The Whale,￥306.77
The Story of Art,￥350.96
The Origin of Species,￥85.39
The Great Gatsby,￥307.54
The Good Girl,￥418.27
The Glass Castle,￥138.54
The Faith of Christopher Hitchens: The Restless Soul of the World's Most Notorious Atheist,￥337.40
The Drowning Girls,￥304.30
The Constant Princess (The Tudor Court #1),￥141.78
The Bourne Identity (Jason Bourne #1),￥364.95
The Bachelor Girl's Guide to Murder (Herringford and Watts Mysteries #1),￥446.17
The Art Book,￥275.89
The 7 Habits of Highly Effective People: Powerful Lessons in Personal Change,￥282.97
Team of Rivals: The Political Genius of Abraham Lincoln,￥171.64
Steal Like an Artist: 10 Things Nobody Told You About Being Creative,￥178.30
"Sit, Stay, Love",￥178.30
Sister Dear,￥342.94
"Shrunken Treasures: Literary Classics, Short, Sweet, and Silly",￥451.03
"Rich Dad, Poor Dad",￥441.39
Raymie Nightingale,￥293.55
Playing from the Heart,￥276.23
Nightstruck: A Novel,￥429.53
"Naturally Lean: 125 Nourishing Gluten-Free, Plant-Based Recipes--All Under 300 Calories",￥97.08
Meternity,￥371.78
Memoirs of a Geisha,￥423.73
Like Never Before (Walker Family #2),￥245.43
Life of Pi,￥112.78
Leave This Song Behind: Teen Poetry at Its Best,￥436.53
King's Folly (The Kinsman Chronicles #1),￥337.91
John Adams,￥489.93
How to Cook Everything Vegetarian: Simple Meatless Recipes for Great Food (How to Cook Everything),￥392.51
How to Be a Domestic Goddess: Baking and the Art of Comfort Cooking,￥241.00
Good in Bed (Cannie Shapiro #1),￥316.07
"Fruits Basket, Vol. 7 (Fruits Basket #7)",￥166.95
For the Love: Fighting for Grace in a World of Impossible Standards,￥385.00
Finding God in the Ruins: How God Redeems Pain,￥397.88
Every Heart a Doorway (Every Heart A Doorway #1),￥103.74
Delivering the Truth (Quaker Midwife Mystery #1),￥178.21
Counted With the Stars (Out from Egypt #1),￥153.30
"Chronicles, Vol. 1",￥448.73
Blue Like Jazz: Nonreligious Thoughts on Christian Spirituality,￥219.84
Benjamin Franklin: An American Life,￥411.10
"At The Existentialist Café: Freedom, Being, and apricot cocktails with: Jean-Paul Sartre, Simone de Beauvoir, Albert Camus, Martin Heidegger, Edmund Husserl, Karl Jaspers, Maurice Merleau-Ponty and others",￥255.33
A Summer In Europe,￥378.26
A Short History of Nearly Everything,￥447.02
A Gathering of Shadows (Shades of Magic #2),￥382.27
The Sound Of Love,￥493.43
The Rise and Fall of the Third Reich: A History of Nazi Germany,￥338.42
The Perks of Being a Wallflower,￥469.37
The Mysterious Affair at Styles (Hercule Poirot #1),￥211.57
The Man Who Mistook His Wife for a Hat and Other Clinical Tales,￥507.16
The Makings of a Fatherless Child,￥269.41
The Joy of Cooking,￥369.13
The Invention of Wings,￥318.54
The Hobbit (Middle-Earth Universe),￥151.85
The Great Railway Bazaar,￥260.53
The Golden Compass (His Dark Materials #1),￥160.12
The God Delusion,￥399.67
The Girl You Left Behind (The Girl You Left Behind #1),￥134.70
The Fellowship of the Ring (The Lord of the Rings #1),￥87.61
The Collected Poems of W.B. Yeats (The Collected Works of W.B. Yeats #1),￥131.55
The Barefoot Contessa Cookbook,￥511.17
Tell the Wolves I'm Home,￥434.73
Ship Leaves Harbor: Essays on Travel by a Recovering Journeyman,￥261.05
Pride and Prejudice,￥164.39
Musicophilia: Tales of Music and the Brain,￥397.37
Mere Christianity,￥413.83
Me Before You (Me Before You #1),￥162.26
In the Woods (Dublin Murder Squad #1),￥327.42
In Cold Blood,￥426.37
How to Stop Worrying and Start Living,￥396.60
Give It Back,￥156.29
"Girl, Interrupted",￥359.49
Fun Home: A Family Tragicomic,￥482.76
"Fruits Basket, Vol. 6 (Fruits Basket #6)",￥178.81
Deception Point,￥343.97
"Death Note, Vol. 6: Give-and-Take (Death Note #6)",￥310.44
Catherine the Great: Portrait of a Woman,￥499.48
Better Homes and Gardens New Cook Book,￥337.91
An Unquiet Mind: A Memoir of Moods and Madness,￥181.71
A Year in Provence (Provence #1),￥485.24
World Without End (The Pillars of the Earth #2),￥281.26
"Will Grayson, Will Grayson (Will Grayson, Will Grayson)",￥403.60
Why Save the Bankers?: And Other Essays on Our Economic and Political Crisis,￥415.20
Where She Went (If I Stay #2),￥355.99
What If?: Serious Scientific Answers to Absurd Hypothetical Questions,￥457.94
Two Summers,￥124.89
This Is Your Brain on Music: The Science of a Human Obsession,￥327.59
The Secret Garden,￥128.65
The Raven King (The Raven Cycle #4),￥260.79
The Raven Boys (The Raven Cycle #1),￥492.57
The Power Greens Cookbook: 140 Delicious Superfood Recipes,￥94.27
The Metamorphosis,￥243.81
The Mathews Men: Seven Brothers and the War Against Hitler's U-boats,￥366.06
The Little Paris Bookshop,￥210.97
The Hiding Place,￥476.96
The Grand Design,￥117.39
The Firm,￥388.67
The Fault in Our Stars,￥402.83
The False Prince (The Ascendance Trilogy #1),￥477.73
The Expatriates,￥380.31
The Dream Thieves (The Raven Cycle #2),￥294.32
The Darkest Corners,￥96.66
The Crossover,￥330.74
The 5th Wave (The 5th Wave #1),￥100.92
Tell the Wind and Fire,￥388.24
Tell Me Three Things,￥356.68
Talking to Girls About Duran Duran: One Young Man's Quest for True Love and a Cooler Haircut,￥214.55
Siddhartha,￥291.93
Shiver (The Wolves of Mercy Falls #1),￥138.46
Remember Me?,￥97.93
Red Dragon (Hannibal Lecter #1),￥199.37
Peak: Secrets from the New Science of Expertise,￥138.88
My Mother Was Nuts,￥269.83
Mexican Today: New and Rediscovered Recipes for Contemporary Kitchens,￥212.50
Maybe Something Beautiful: How Art Transformed a Neighborhood,￥192.29
Lola and the Boy Next Door (Anna and the French Kiss #2),￥201.59
Logan Kade (Fallen Crest High #5.5),￥111.93
Last One Home (New Beginnings #1),￥511.68
Killing Floor (Jack Reacher #1),￥268.64
Kill the Boy Band,￥132.40
Isla and the Happily Ever After (Anna and the French Kiss #3),￥410.59
If I Stay (If I Stay #1),￥325.28
I Know Why the Caged Bird Sings (Maya Angelou's Autobiography #1),￥311.80
Harry Potter and the Deathly Hallows (Harry Potter #7),￥198.94
"Fruits Basket, Vol. 5 (Fruits Basket #5)",￥139.31
Foundation (Foundation (Publication Order) #1),￥276.57
Fool Me Once,￥144.68
Find Her (Detective D.D. Warren #8),￥190.84
Evicted: Poverty and Profit in the American City,￥360.60
Drama,￥330.15
Dracula the Un-Dead,￥303.96
Digital Fortress,￥494.79
"Death Note, Vol. 5: Whiteout (Death Note #5)",￥447.10
"Data, A Love Story: How I Gamed Online Dating to Meet My Match",￥275.97
Critique of Pure Reason,￥177.02
Booked,￥149.21
"Blue Lily, Lily Blue (The Raven Cycle #3)",￥291.16
Approval Junkie: Adventures in Caring Too Much,￥501.70
An Abundance of Katherines,￥85.31
America's War for the Greater Middle East: A Military History,￥436.95
Alight (The Generations Trilogy #2),￥499.83
A Girl's Guide to Moving On (New Beginnings #2),￥267.02
A Game of Thrones (A Song of Ice and Fire #1),￥396.00
A Feast for Crows (A Song of Ice and Fire #4),￥146.82
A Clash of Kings (A Song of Ice and Fire #2),￥92.05
Vogue Colors A to Z: A Fashion Coloring Book,￥446.59
The Shining (The Shining #1),￥237.84
The Pilgrim's Progress,￥428.76
The Perfect Play (Play by Play #1),￥511.77
The Passion of Dolssa,￥241.60
The Jazz of Physics: The Secret Link Between Music and the Structure of the Universe,￥330.23
The Hunger Games (The Hunger Games #1),￥254.65
The Hound of the Baskervilles (Sherlock Holmes #5),￥126.43
The Gunning of America: Business and the Making of American Gun Culture,￥143.40
The Geography of Bliss: One Grump's Search for the Happiest Places in the World,￥240.83
The Demonists (Demonist #1),￥444.55
"The Demon Prince of Momochi House, Vol. 4 (The Demon Prince of Momochi House #4)",￥237.84
The Bone Hunters (Lexy Vaughan & Steven Macaulay #2),￥509.38
The Beast (Black Dagger Brotherhood #14),￥393.10
Some Women,￥117.13
Shopaholic Ties the Knot (Shopaholic #3),￥412.81
Paper and Fire (The Great Library #2),￥421.85
Outlander (Outlander #1),￥167.80
"Orchestra of Exiles: The Story of Bronislaw Huberman, the Israel Philharmonic, and the One Thousand Jews He Saved from Nazi Horrors",￥105.44
No One Here Gets Out Alive,￥170.79
Night Shift (Night Shift #1-20),￥108.77
Needful Things,￥405.30
Mockingjay (The Hunger Games #3),￥174.37
Misery,￥296.79
Little Women (Little Women #1),￥239.46
It,￥213.36
Harry Potter and the Sorcerer's Stone (Harry Potter #1),￥118.58
Harry Potter and the Prisoner of Azkaban (Harry Potter #3),￥206.19
Harry Potter and the Order of the Phoenix (Harry Potter #5),￥269.83
Harry Potter and the Half-Blood Prince (Harry Potter #6),￥415.88
Harry Potter and the Chamber of Secrets (Harry Potter #2),￥125.75
Gone with the Wind,￥277.17
God Is Not Great: How Religion Poisons Everything,￥237.16
Girl With a Pearl Earring,￥228.37
"Fruits Basket, Vol. 4 (Fruits Basket #4)",￥430.30
Far From True (Promise Falls Trilogy #2),￥297.98
Dark Lover (Black Dagger Brotherhood #1),￥109.79
Confessions of a Shopaholic (Shopaholic #1),￥417.50
Changing the Game (Play by Play #2),￥114.14
Candide,￥500.17
Can You Keep a Secret?,￥187.17
Atlas Shrugged,￥226.75
Animal Farm,￥488.14
A Walk to Remember,￥481.40
A New Earth: Awakening to Your Life's Purpose,￥474.74
"A History of God: The 4,000-Year Quest of Judaism, Christianity, and Islam",￥235.62
'Salem's Lot,￥422.79
Zero History (Blue Ant #3),￥296.62
Wuthering Heights,￥151.25
World War Z: An Oral History of the Zombie War,￥185.97
Wild: From Lost to Found on the Pacific Crest Trail,￥392.59
"Where'd You Go, Bernadette",￥154.67
When You Are Engulfed in Flames,￥263.52
We the People: The Modern-Day Figures Who Have Reshaped and Affirmed the Founding Fathers' Vision of America,￥272.56
We Are All Completely Beside Ourselves,￥205.08
Walk the Edge (Thunder Road #2),￥276.06
Voyager (Outlander #3),￥179.75
Very Good Lives: The Fringe Benefits of Failure and the Importance of Imagination,￥432.18
Vegan Vegetarian Omnivore: Dinner for Everyone at the Table,￥116.53
"Unstuffed: Decluttering Your Home, Mind, and Soul",￥495.56
Under the Banner of Heaven: A Story of Violent Faith,￥255.93
Two Boys Kissing,￥279.30
Twilight (Twilight #1),￥357.70
Twenties Girl,￥365.12
"Trespassing Across America: One Man's Epic, Never-Done-Before (and Sort of Illegal) Hike Across the Heartland",￥456.49
Three-Martini Lunch,￥198.00
"Thinking, Fast and Slow",￥180.34
The Wild Robot,￥478.33
"The Wicked + The Divine, Vol. 3: Commercial Suicide (The Wicked + The Divine)",￥122.93
The Undomestic Goddess,￥390.29
The Travelers,￥134.53
The Tipping Point: How Little Things Can Make a Big Difference,￥85.48
The Thing About Jellyfish,￥416.05
The Stand,￥493.60
The Smitten Kitchen Cookbook,￥201.24
The Silkworm (Cormoran Strike #2),￥196.64
"The Sandman, Vol. 3: Dream Country (The Sandman (volumes) #3)",￥473.89
The Rose & the Dagger (The Wrath and the Dawn #2),￥500.25
The Road to Little Dribbling: Adventures of an American in Britain (Notes From a Small Island #2),￥198.00
The Rise of Theodore Roosevelt (Theodore Roosevelt #1),￥363.16
The Restaurant at the End of the Universe (Hitchhiker's Guide to the Galaxy #2),￥93.16
The Rest Is Noise: Listening to the Twentieth Century,￥296.62
The Red Tent,￥304.21
The Purpose Driven Life: What on Earth Am I Here for?,￥317.26
The Purest Hook (Second Circle Tattoos #3),￥104.50
The Picture of Dorian Gray,￥253.37
The Paris Wife,￥313.94
The Obsession,￥387.56
The Nightingale,￥224.02
The New Guy (and Other Senior Year Distractions),￥383.21
The Nanny Diaries (Nanny #1),￥448.13
The Name of God is Mercy,￥317.78
The Maze Runner (The Maze Runner #1),￥178.55
The Lover's Dictionary,￥495.56
The Lonely Ones,￥371.86
The Lean Startup: How Today's Entrepreneurs Use Continuous Innovation to Create Radically Successful Businesses,￥289.37
The Last Painting of Sara de Vos,￥473.89
"The Land of 10,000 Madonnas",￥252.86
The Infinities,￥233.83
The Husband's Secret,￥447.96
The Hitchhiker's Guide to the Galaxy (Hitchhiker's Guide to the Galaxy #1),￥407.78
The Guns of August,￥124.04
The Guernsey Literary and Potato Peel Pie Society,￥422.54
The Goldfinch,￥371.78
The Giver (The Giver Quartet #1),￥104.93
The Girl with All the Gifts,￥422.02
The Girl Who Played with Fire (Millennium Trilogy #2),￥188.87
The Girl Who Kicked the Hornet's Nest (Millennium Trilogy #3),￥490.36
The Exiled,￥370.67
"The End of Faith: Religion, Terror, and the Future of Reason",￥188.79
"The Elegant Universe: Superstrings, Hidden Dimensions, and the Quest for the Ultimate Theory",￥111.16
"The Disappearing Spoon: And Other True Tales of Madness, Love, and the History of the World from the Periodic Table of the Elements",￥489.25
The Devil Wears Prada (The Devil Wears Prada #1),￥377.83
The Demon-Haunted World: Science as a Candle in the Dark,￥445.74
The Day the Crayons Came Home (Crayons),￥224.62
The Da Vinci Code (Robert Langdon #2),￥195.87
The Cuckoo's Calling (Cormoran Strike #1),￥163.88
The Complete Stories and Poems (The Works of Edgar Allan Poe [Cameo Edition]),￥228.46
The Complete Poems,￥352.50
The Catcher in the Rye,￥209.43
The Cat in the Hat (Beginner Books B-1),￥138.71
The Case for Christ (Cases for Christianity),￥408.12
The Book Thief,￥456.32
The Book of Basketball: The NBA According to The Sports Guy,￥382.53
The Blind Side: Evolution of a Game,￥458.19
The Autobiography of Malcolm X,￥199.88
"The Art of Simple Food: Notes, Lessons, and Recipes from a Delicious Revolution",￥292.78
The Art of Fielding,￥188.53
"Surely You're Joking, Mr. Feynman!: Adventures of a Curious Character",￥220.35
Stiff: The Curious Lives of Human Cadavers,￥313.43
Spilled Milk: Based on a True Story,￥422.36
Something Borrowed (Darcy & Rachel #1),￥417.67
Something Blue (Darcy & Rachel #2),￥465.96
Soldier (Talon #3),￥210.88
Shopaholic & Baby (Shopaholic #5),￥396.26
Seven Days in the Art World,￥446.42
Seven Brief Lessons on Physics,￥261.05
Scarlet (The Lunar Chronicles #2),￥124.30
Sarah's Key,￥394.90
"Saga, Volume 3 (Saga (Collected Editions) #3)",￥184.01
Running with Scissors,￥110.13
Rogue Lawyer (Rogue Lawyer #1),￥427.48
"Rise of the Rocket Girls: The Women Who Propelled Us, from Missiles to the Moon to Mars",￥355.48
Rework,￥382.87
Reservations for Two,￥94.69
Red: The True Story of Red Riding Hood,￥243.47
Ready Player One,￥162.68
Quiet: The Power of Introverts in a World That Can't Stop Talking,￥371.52
Prodigy: The Graphic Novel (Legend: The Graphic Novel #2),￥372.20
Persepolis: The Story of a Childhood (Persepolis #1-2),￥333.81
Packing for Mars: The Curious Science of Life in the Void,￥483.53
Outliers: The Story of Success,￥120.80
Original Fake,￥268.30
Orange Is the New Black,￥209.95
One for the Money (Stephanie Plum #1),￥280.41
Notes from a Small Island (Notes From a Small Island #1),￥342.69
Night (The Night Trilogy #1),￥115.25
Neither Here nor There: Travels in Europe,￥332.28
Naked,￥270.34
Morning Star (Red Rising #3),￥250.81
"Miracles from Heaven: A Little Girl, Her Journey to Heaven, and Her Amazing Story of Healing",￥493.34
Midnight Riot (Peter Grant/ Rivers of London - books #1),￥473.12
Me Talk Pretty One Day,￥491.38
Manuscript Found in Accra,￥298.41
Lust & Wonder,￥101.26
Lila (Gilead #3),￥106.38
"Life, the Universe and Everything (Hitchhiker's Guide to the Galaxy #3)",￥283.74
Life Without a Recipe,￥503.66
Life After Life,￥222.91
Letter to a Christian Nation,￥189.39
Let's Pretend This Never Happened: A Mostly True Memoir,￥384.83
Legend (Legend #1),￥372.72
"Lean In: Women, Work, and the Will to Lead",￥213.44
"Lamb: The Gospel According to Biff, Christ's Childhood Pal",￥473.46
Lady Renegades (Rebel Belle #3),￥452.48
Jurassic Park (Jurassic Park #1),￥383.63
It's Never Too Late to Begin Again: Discovering Creativity and Meaning at Midlife and Beyond,￥361.54
Is Everyone Hanging Out Without Me? (And Other Concerns),￥171.56
Into the Wild,￥483.70
Inferno (Robert Langdon #4),￥349.77
"In the Garden of Beasts: Love, Terror, and an American Family in Hitler's Berlin",￥246.12
If I Run (If I Run #1),￥426.29
I've Got Your Number,￥167.97
I Am Malala: The Girl Who Stood Up for Education and Was Shot by the Taliban,￥246.37
Hungry Girl Clean & Hungry: Easy All-Natural Recipes for Healthy Eating in the Real World,￥282.71
"House of Lost Worlds: Dinosaurs, Dynasties, and the Story of Life on Earth",￥372.80
House of Leaves,￥468.26
Horrible Bear!,￥320.08
Holidays on Ice,￥435.67
Heir to the Sky,￥375.96
Green Eggs and Ham (Beginner Books B-16),￥92.05
"Grayson, Vol 3: Nemesis (Grayson #3)",￥364.44
Gratitude,￥227.43
Gone Girl,￥320.76
Golden (Heart of Dread #3),￥360.09
Girl in the Blue Coat,￥399.50
"Fruits Basket, Vol. 3 (Fruits Basket #3)",￥385.34
"Friday Night Lights: A Town, a Team, and a Dream",￥436.95
Fire Bound (Sea Haven/Sisters of the Heart #5),￥181.54
Fifty Shades Freed (Fifty Shades #3),￥131.03
Fellside,￥329.46
Extreme Prey (Lucas Davenport #26),￥216.68
Eragon (The Inheritance Cycle #1),￥374.25
Eclipse (Twilight #3),￥159.87
Dune (Dune #1),￥468.01
Dracula,￥448.90
Do Androids Dream of Electric Sheep? (Blade Runner #1),￥439.17
Disrupted: My Misadventure in the Start-Up Bubble,￥130.35
Dead Wake: The Last Crossing of the Lusitania,￥334.75
"David and Goliath: Underdogs, Misfits, and the Art of Battling Giants",￥151.94
Darkfever (Fever #1),￥477.90
Dark Places,￥203.89
Crazy Rich Asians (Crazy Rich Asians #1),￥419.12
Counting Thyme,￥90.60
Cosmos,￥308.56
Civilization and Its Discontents,￥511.43
Cinder (The Lunar Chronicles #1),￥222.57
Catastrophic Happiness: Finding Joy in Childhood's Messy Years,￥318.63
Career of Evil (Cormoran Strike #3),￥210.88
Breaking Dawn (Twilight #4),￥300.97
Brave Enough,￥437.81
Boy Meets Boy,￥180.17
"Born to Run: A Hidden Tribe, Superathletes, and the Greatest Race the World Has Never Seen",￥233.32
Blink: The Power of Thinking Without Thinking,￥185.46
Black Flags: The Rise of ISIS,￥348.66
"Black Butler, Vol. 1 (Black Butler #1)",￥420.66
Big Little Lies,￥188.62
Between Shades of Gray,￥177.36
Best of My Love (Fool's Gold #20),￥233.83
Beowulf,￥327.16
Beautiful Creatures (Caster Chronicles #1),￥183.84
Awkward,￥324.34
Ash,￥188.19
Are We There Yet?,￥90.94
Are We Smart Enough to Know How Smart Animals Are?,￥482.68
Annie on My Mind,￥314.19
And Then There Were None,￥298.67
A Walk in the Woods: Rediscovering America on the Appalachian Trail,￥260.02
A Visit from the Goon Squad,￥120.12
A Storm of Swords (A Song of Ice and Fire #3),￥266.33
A Heartbreaking Work of Staggering Genius,￥463.14
8 Keys to Mental Health Through Exercise,￥264.80
#GIRLBOSS,￥434.73
"The Suffragettes (Little Black Classics, #96)",￥101.43
The Sense of an Ending,￥267.70
"The Sandman, Vol. 2: The Doll's House (The Sandman (volumes) #2)",￥467.58
The Course of Love,￥143.15
Sugar Rush (Offensive Line #2),￥208.32
"Saga, Volume 2 (Saga (Collected Editions) #2)",￥100.24
"Run, Spot, Run: The Ethics of Keeping Pets",￥170.79
New Moon (Twilight #2),￥109.71
Life,￥269.41
Kindle Paperwhite User's Guide,￥290.05
H is for Hawk,￥489.84
Girl Online On Tour (Girl Online #2),￥456.15
"Fruits Basket, Vol. 2 (Fruits Basket #2)",￥99.30
Diary of a Minecraft Zombie Book 1: A Scare of a Dare (An Unofficial Minecraft Book),￥451.11
"Y: The Last Man, Vol. 1: Unmanned (Y: The Last Man #1)",￥157.91
While You Were Mine,￥352.50
Where Lightning Strikes (Bleeding Stars #3),￥339.27
When I'm Gone,￥443.27
Ways of Seeing,￥337.06
"Vampire Knight, Vol. 1 (Vampire Knight #1)",￥131.38
Vampire Girl (Vampire Girl #1),￥459.13
Twenty Love Poems and a Song of Despair,￥264.03
Travels with Charley: In Search of America,￥493.26
Three Wishes (River of Time: California #1),￥376.90
This One Moment (Pushing Limits #1),￥415.54
The Zombie Room,￥167.97
"The Wicked + The Divine, Vol. 1: The Faust Act (The Wicked + The Divine)",￥311.55
The Tumor,￥354.54
The Story of Hong Gildong,￥368.45
The Silent Wife,￥105.27
The Silent Twin (Detective Jennifer Knight #3),￥309.25
The Selfish Gene,￥251.24
The Secret Healer,￥294.83
"The Sandman, Vol. 1: Preludes and Nocturnes (The Sandman (volumes) #1)",￥461.69
The Republic,￥288.17
The Odyssey,￥252.86
The No. 1 Ladies' Detective Agency (No. 1 Ladies' Detective Agency #1),￥492.23
The Nicomachean Ethics,￥310.01
The Name of the Wind (The Kingkiller Chronicle #1),￥431.58
The Mirror & the Maze (The Wrath and the Dawn #1.5),￥250.64
The Little Prince,￥387.47
The Light of the Fireflies,￥464.34
The Last Girl (The Dominion Trilogy #1),￥309.33
The Iliad,￥137.86
The Hook Up (Game On #1),￥309.59
The Haters,￥237.93
The Girl You Lost,￥104.84
The Girl In The Ice (DCI Erika Foster #1),￥135.21
The End of the Jesus Era (An Investigation #1),￥122.84
The Edge of Reason (Bridget Jones #2),￥163.62
The Complete Maus (Maus #1-2),￥90.77
The Communist Manifesto,￥125.92
The Bhagavad Gita,￥490.44
The Bette Davis Club,￥261.56
The Art of Not Breathing,￥348.32
Taking Shots (Assassins #1),￥161.06
Starlark,￥220.35
"Skip Beat!, Vol. 01 (Skip Beat! #1)",￥359.32
Sister Sable (The Mad Queen #1),￥113.72
Shatter Me (Shatter Me #1),￥361.71
Shameless,￥497.78
Shadow Rites (Jane Yellowrock #10),￥185.29
Settling the Score (The Summer Games #1),￥383.12
Sense and Sensibility,￥319.57
"Saga, Volume 1 (Saga (Collected Editions) #1)",￥242.96
"Rhythm, Chord & Malykhin",￥241.77
"Rat Queens, Vol. 1: Sass & Sorcery (Rat Queens (Collected Editions) #1-5)",￥400.61
Paradise Lost (Paradise #1),￥212.93
"Paper Girls, Vol. 1 (Paper Girls #1-5)",￥185.21
"Ouran High School Host Club, Vol. 1 (Ouran High School Host Club #1)",￥254.82
Origins (Alphas 0.5),￥247.31
One Second (Seven #7),￥451.63
On the Road (Duluoz Legend),￥276.06
Old Records Never Die: One Man's Quest for His Vinyl and His Past,￥474.83
Off Sides (Off #1),￥336.54
Of Mice and Men,￥401.89
Myriad (Prentor #1),￥501.19
My Perfect Mistake (Over the Top #1),￥332.02
"Ms. Marvel, Vol. 1: No Normal (Ms. Marvel (2014-2015) #1)",￥336.03
Meditations,￥220.87
Matilda,￥241.77
Lost Among the Living,￥236.31
Lord of the Flies,￥212.33
Listen to Me (Fusion #1),￥503.24
Kitchens of the Great Midwest,￥487.97
Jane Eyre,￥327.84
Imperfect Harmony,￥296.36
Icing (Aces Hockey #2),￥344.99
"Hawkeye, Vol. 1: My Life as a Weapon (Hawkeye #1)",￥385.94
Having the Barbarian's Baby (Ice Planet Barbarians #7.5),￥298.24
"Giant Days, Vol. 1 (Giant Days #1-4)",￥484.21
"Fruits Basket, Vol. 1 (Fruits Basket #1)",￥343.62
Frankenstein,￥324.17
Forever Rockers (The Rocker #12),￥245.69
Fighting Fate (Fighting #6),￥334.75
Emma,￥280.92
"Eat, Pray, Love",￥437.81
Deep Under (Walker Security #1),￥401.72
Choosing Our Religion: The Spiritual Lives of America's Nones,￥242.45
Charlie and the Chocolate Factory (Charlie Bucket #1),￥194.93
Charity's Cross (Charles Towne Belles #4),￥351.81
Bright Lines,￥333.30
Bridget Jones's Diary (Bridget Jones #1),￥254.39
Bounty (Colorado Mountain #7),￥317.86
Blood Defense (Samantha Brinkman #1),￥173.18
"Bleach, Vol. 1: Strawberry and the Soul Reapers (Bleach #1)",￥295.60
Beyond Good and Evil,￥370.07
Alice in Wonderland (Alice's Adventures in Wonderland #1),￥473.72
"Ajin: Demi-Human, Volume 1 (Ajin: Demi-Human #1)",￥486.77
A Spy's Devotion (The Regency Spies of London #1),￥144.77
1st to Die (Women's Murder Club #1),￥460.50
"1,000 Places to See Before You Die",￥222.49
